<?xml version="1.0" encoding="UTF-8"?>

<mule xmlns:dw="http://www.mulesoft.org/schema/mule/ee/dw"
	xmlns:http="http://www.mulesoft.org/schema/mule/http" xmlns="http://www.mulesoft.org/schema/mule/core" xmlns:doc="http://www.mulesoft.org/schema/mule/documentation"
	xmlns:spring="http://www.springframework.org/schema/beans" 
	xmlns:xsi="http://www.w3.org/2001/XMLSchema-instance"
	xsi:schemaLocation="http://www.mulesoft.org/schema/mule/ee/dw http://www.mulesoft.org/schema/mule/ee/dw/current/dw.xsd
http://www.springframework.org/schema/beans http://www.springframework.org/schema/beans/spring-beans-current.xsd
http://www.mulesoft.org/schema/mule/core http://www.mulesoft.org/schema/mule/core/current/mule.xsd
http://www.mulesoft.org/schema/mule/http http://www.mulesoft.org/schema/mule/http/current/mule-http.xsd">
    <http:listener-config name="HTTP_Listener_Configuration" host="0.0.0.0" port="8081" doc:name="HTTP Listener Configuration"/>
    <flow name="calling-dw-scripts-dynamically-using-readurlFlow">
        <http:listener config-ref="HTTP_Listener_Configuration" path="/{entityType}" doc:name="HTTP" allowedMethods="GET"/>
        <set-variable variableName="entityType" value="#[message.inboundProperties.'http.uri.params'.entityType]" doc:name="Set entityType flowVar"/>
        <set-payload value="This entity is a #[flowVars.entityType]" mimeType="application/java" doc:name="Set Payload"/>
        <dw:transform-message doc:name="Use readUrl to call dw scripts dynamically">
            <dw:set-payload><![CDATA[%dw 1.0
%output application/json

%var transformationFunction = readUrl("classpath://" ++ flowVars.entityType ++ ".dwl", "application/dw")

---	   

transformationFunction(payload,flowVars)]]></dw:set-payload>
        </dw:transform-message>
    </flow>
</mule>
